titulo,ubicacion,precio,habitaciones,baños,metros,superficie_construida,link,url,lat,lon,piso,casa,atico,estudio,apartamento,duplex,chalet,finca,loft,conservacion,precio_m2,distrito
"Piso en calle de Gravina, 15",Justicia-Chueca,1990.0,2.0,2.0,55.0,55.0,https://www.pisos.com/alquilar/piso-justicia_chueca28004-52539451934_108900/,https://www.pisos.com/alquilar/piso-justicia_chueca28004-52539451934_108900/,40.422911,-3.697106,True,False,False,False,False,False,False,False,False,A estrenar,36.0,Centro
Piso en Avenida de los Prunos,Palomas,1600.0,2.0,2.0,93.0,93.0,https://www.pisos.com/alquilar/piso-hortaleza_palomas28043-882102400_998146/,https://www.pisos.com/alquilar/piso-hortaleza_palomas28043-882102400_998146/,40.4534473,-3.6195248,True,False,False,False,False,False,False,False,False,En buen estado,17.0,Hortaleza
Dúplex en calle del Cardenal Mendoza,Puerta del Ángel,1750.0,2.0,1.0,130.0,130.0,https://www.pisos.com/alquilar/duplex-puerta_del_angel-48426637772_100500/,https://www.pisos.com/alquilar/duplex-puerta_del_angel-48426637772_100500/,40.4120151,-3.727691,False,False,False,False,False,True,False,False,False,En buen estado,13.0,Latina
Piso en calle Lagasca,Castellana,3500.0,2.0,2.0,92.0,92.0,https://www.pisos.com/alquilar/piso-salamanca_castellana28006-51757571258_996152/,https://www.pisos.com/alquilar/piso-salamanca_castellana28006-51757571258_996152/,40.4366793,-3.6841137,True,False,False,False,False,False,False,False,False,En buen estado,38.0,Salamanca
Piso en Paseo de Pontones,Imperial,1700.0,2.0,2.0,88.0,88.0,https://www.pisos.com/alquilar/piso-imperial28005-52548342025_529055/,https://www.pisos.com/alquilar/piso-imperial28005-52548342025_529055/,40.4045019,-3.7174026,True,False,False,False,False,False,False,False,False,Reformado,19.0,Arganzuela
Piso en calle de Hernán Cortés,Justicia-Chueca,2200.0,1.0,2.0,68.0,68.0,https://www.pisos.com/alquilar/piso-justicia_chueca28004-51713284831_100500/,https://www.pisos.com/alquilar/piso-justicia_chueca28004-51713284831_100500/,40.4235526,-3.7001462,True,False,False,False,False,False,False,False,False,En buen estado,32.0,Centro
Piso en calle de Fernán González,Niño Jesús,3040.0,3.0,2.0,80.0,80.0,https://www.pisos.com/alquilar/piso-nino_jesus28009-42589943480_100500/,https://www.pisos.com/alquilar/piso-nino_jesus28009-42589943480_100500/,40.4188347,-3.674456,True,False,False,False,False,False,False,False,False,En buen estado,38.0,Retiro
Piso en calle del Almirante,Justicia-Chueca,1995.0,1.0,1.0,76.0,76.0,https://www.pisos.com/alquilar/piso-justicia_chueca28004-45833694266_100500/,https://www.pisos.com/alquilar/piso-justicia_chueca28004-45833694266_100500/,40.4224159,-3.6934048,True,False,False,False,False,False,False,False,False,En buen estado,26.0,Centro
Piso en calle del Caballero de Gracia,Sol,3300.0,2.0,2.0,108.0,108.0,https://www.pisos.com/alquilar/piso-sol_barrio28014-45852386225_100500/,https://www.pisos.com/alquilar/piso-sol_barrio28014-45852386225_100500/,40.419517,-3.7003284,True,False,False,False,False,False,False,False,False,En buen estado,30.0,Centro
Piso en calle Cava Baja,Palacio,1500.0,1.0,1.0,37.0,37.0,https://www.pisos.com/alquilar/piso-centro_palacio28005-45915956478_100900/,https://www.pisos.com/alquilar/piso-centro_palacio28005-45915956478_100900/,40.4130933,-3.7086104,True,False,False,False,False,False,False,False,False,En buen estado,40.0,Centro
"Piso en calle de San Mateo, 3",Justicia-Chueca,1500.0,2.0,1.0,65.0,65.0,https://www.pisos.com/alquilar/piso-justicia_chueca28004-49205237030_528374/,https://www.pisos.com/alquilar/piso-justicia_chueca28004-49205237030_528374/,40.42541,-3.6997473,True,False,False,False,False,False,False,False,False,En buen estado,23.0,Centro
Ático en calle de la Puebla,Universidad-Malasaña,2900.0,2.0,2.0,105.0,105.0,https://www.pisos.com/alquilar/atico-universidad_malasana28004-41691695190_996542/,https://www.pisos.com/alquilar/atico-universidad_malasana28004-41691695190_996542/,40.4223206,-3.7035902,False,False,True,False,False,False,False,False,False,En buen estado,27.0,Centro
Piso en calle del Príncipe de Vergara,Castellana,2825.0,2.0,2.0,60.0,60.0,https://www.pisos.com/alquilar/piso-barrio_de_salamanca_castellana28006-42533163729_100500/,https://www.pisos.com/alquilar/piso-barrio_de_salamanca_castellana28006-42533163729_100500/,40.4484224,-3.6775172,True,False,False,False,False,False,False,False,False,En buen estado,47.0,Salamanca
Dúplex en calle de Maldonado,Castellana,3100.0,2.0,2.0,116.0,116.0,https://www.pisos.com/alquilar/duplex-barrio_de_salamanca_castellana28006-52500364975_520609/,https://www.pisos.com/alquilar/duplex-barrio_de_salamanca_castellana28006-52500364975_520609/,40.4340759,-3.6848971,False,False,False,False,False,True,False,False,False,En buen estado,26.0,Salamanca
Apartamento en calle de Santa Ana,Embajadores-Lavapiés,900.0,1.0,1.0,35.0,35.0,https://www.pisos.com/alquilar/apartamento-centro_embajadores_lavapies28005-52546947727_992238/,https://www.pisos.com/alquilar/apartamento-centro_embajadores_lavapies28005-52546947727_992238/,40.4103687,-3.7079413,False,False,False,False,True,False,False,False,False,Reformado,25.0,Centro
Piso en calle de Antonio Toledano,Fuente del Berro,3500.0,4.0,2.0,159.0,159.0,https://www.pisos.com/alquilar/piso-fuente_del_berro28028-50877365556_100500/,https://www.pisos.com/alquilar/piso-fuente_del_berro28028-50877365556_100500/,40.4263529,-3.6669798,True,False,False,False,False,False,False,False,False,En buen estado,22.0,Salamanca
Ático en Glorieta de Ruiz Jiménez,Universidad-Malasaña,2700.0,2.0,1.0,92.0,92.0,https://www.pisos.com/alquilar/atico-universidad_malasana28004-46718662002_100500/,https://www.pisos.com/alquilar/atico-universidad_malasana28004-46718662002_100500/,40.4293185,-3.7053039,False,False,True,False,False,False,False,False,False,En buen estado,29.0,Centro
Piso en calle de la Esperanza,Embajadores-Lavapiés,990.0,2.0,1.0,38.0,38.0,https://www.pisos.com/alquilar/piso-centro_embajadores_lavapies28012-53347493735_100500/,https://www.pisos.com/alquilar/piso-centro_embajadores_lavapies28012-53347493735_100500/,40.4101323,-3.6997668,True,False,False,False,False,False,False,False,False,En buen estado,25.0,Centro
Piso en calle de las Tabernillas,Palacio,1750.0,3.0,2.0,77.0,77.0,https://www.pisos.com/alquilar/piso-centro_palacio28005-50919772345_515766/,https://www.pisos.com/alquilar/piso-centro_palacio28005-50919772345_515766/,40.4112236,-3.7111694,True,False,False,False,False,False,False,False,False,Reformado,22.0,Centro
Apartamento en Pacífico,Pacífico,1600.0,1.0,1.0,36.0,36.0,https://www.pisos.com/alquilar/apartamento-retiro_pacifico28014-53392595207_994318/,https://www.pisos.com/alquilar/apartamento-retiro_pacifico28014-53392595207_994318/,40.4072194,-3.6796408,False,False,False,False,True,False,False,False,False,A estrenar,44.0,Retiro
Piso en calle de Granada,Pacífico,1650.0,2.0,1.0,95.0,95.0,https://www.pisos.com/alquilar/piso-retiro_pacifico28007-27546722797_100500/,https://www.pisos.com/alquilar/piso-retiro_pacifico28007-27546722797_100500/,40.4046449,-3.6783807,True,False,False,False,False,False,False,False,False,En buen estado,17.0,Retiro
Piso en calle Castella,Castellana,2980.0,2.0,2.0,118.0,118.0,https://www.pisos.com/alquilar/piso-salamanca_castellana28006-19261761023_517093/,https://www.pisos.com/alquilar/piso-salamanca_castellana28006-19261761023_517093/,40.43718956445691,-3.6806492473172328,True,False,False,False,False,False,False,False,False,En buen estado,25.0,Salamanca
"Piso en calle de la Jacaranda, 10",Atocha,2100.0,2.0,2.0,85.0,85.0,https://www.pisos.com/alquilar/piso-atocha28045-4683894822_109700/,https://www.pisos.com/alquilar/piso-atocha28045-4683894822_109700/,40.398584,-3.6779918,True,False,False,False,False,False,False,False,False,A estrenar,24.0,Arganzuela
Piso en Concepción,Concepción,890.0,2.0,1.0,85.0,85.0,https://www.pisos.com/alquilar/piso-concepcion-92580015400_514429/,https://www.pisos.com/alquilar/piso-concepcion-92580015400_514429/,40.4432053,-3.642051847,True,False,False,False,False,False,False,False,False,En buen estado,10.0,Ciudad Lineal
Apartamento en Embajadores-Lavapiés,Embajadores-Lavapiés,1050.0,1.0,1.0,60.0,60.0,https://www.pisos.com/alquilar/apartamento-centro_embajadores_lavapies28012-52500365062_998331/,https://www.pisos.com/alquilar/apartamento-centro_embajadores_lavapies28012-52500365062_998331/,40.4082545,-3.6981199,False,False,False,False,True,False,False,False,False,Reformado,17.0,Centro
"Piso en calle del Pintor Ignacio Zuloaga, 4",Sanchinarro,1180.0,1.0,1.0,51.0,51.0,https://www.pisos.com/alquilar/piso-sanchinarro28050-45882690937_100500/,https://www.pisos.com/alquilar/piso-sanchinarro28050-45882690937_100500/,40.4855,-3.65183,True,False,False,False,False,False,False,False,False,En buen estado,23.0,Hortaleza
"Piso en calle de las Maldonadas, 1",Embajadores-Lavapiés,850.0,1.0,1.0,47.0,47.0,https://www.pisos.com/alquilar/piso-centro_embajadores_lavapies28005-53428357800_109800/,https://www.pisos.com/alquilar/piso-centro_embajadores_lavapies28005-53428357800_109800/,40.410778,-3.7076077,True,False,False,False,False,False,False,False,False,En buen estado,15.0,Centro
"Ático en calle del Pintor Ignacio Zuloaga, 2",Sanchinarro,1495.0,2.0,1.0,60.0,60.0,https://www.pisos.com/alquilar/atico-sanchinarro28050-40060895767_100500/,https://www.pisos.com/alquilar/atico-sanchinarro28050-40060895767_100500/,40.4857,-3.65206,False,False,True,False,False,False,False,False,False,En buen estado,24.0,Hortaleza
Piso en Latina,Lucero,1150.0,2.0,2.0,80.0,80.0,https://www.pisos.com/alquilar/piso-lucero28011-50884238210_108900/,https://www.pisos.com/alquilar/piso-lucero28011-50884238210_108900/,40.4044138,-3.7530577,True,False,False,False,False,False,False,False,False,En buen estado,13.0,Latina
Apartamento en calle del Conde de Peñalver,Goya,1200.0,1.0,1.0,28.0,35.0,https://www.pisos.com/alquilar/apartamento-goya28006-314025974_440000/,https://www.pisos.com/alquilar/apartamento-goya28006-314025974_440000/,40.4265936,-3.6753739,False,False,False,False,True,False,False,False,False,En buen estado,31.0,Salamanca
Piso en calle del Amor de Dios,Cortes-Huertas,1150.0,1.0,1.0,55.0,55.0,https://www.pisos.com/alquilar/piso-cortes_huertas28014-51715087225_529210/,https://www.pisos.com/alquilar/piso-cortes_huertas28014-51715087225_529210/,40.4125117,-3.698424,True,False,False,False,False,False,False,False,False,En buen estado,20.0,Centro
"Ático en calle del General Oráa, 19",Castellana,3600.0,3.0,2.0,110.0,110.0,https://www.pisos.com/alquilar/atico-barrio_de_salamanca_castellana28006-52544961484_100500/,https://www.pisos.com/alquilar/atico-barrio_de_salamanca_castellana28006-52544961484_100500/,40.4364,-3.68554,False,False,True,False,False,False,False,False,False,En buen estado,32.0,Salamanca
"Piso en calle de la Cabeza, 30",Embajadores-Lavapiés,1000.0,1.0,1.0,36.0,36.0,https://www.pisos.com/alquilar/piso-centro_embajadores_lavapies28012-49255047328_529055/,https://www.pisos.com/alquilar/piso-centro_embajadores_lavapies28012-49255047328_529055/,40.41187,-3.701481,True,False,False,False,False,False,False,False,False,En buen estado,27.0,Centro
Piso en calle de Garganchón,Aeropuerto,1000.0,2.0,1.0,50.0,50.0,https://www.pisos.com/alquilar/piso-aeropuerto28042-53396386677_100500/,https://www.pisos.com/alquilar/piso-aeropuerto28042-53396386677_100500/,40.450862646,-3.580610585,True,False,False,False,False,False,False,False,False,En buen estado,20.0,Barajas
Piso en calle de Boston,Guindalera,2250.0,3.0,2.0,113.0,113.0,https://www.pisos.com/alquilar/piso-guindalera28028-53419249902_100500/,https://www.pisos.com/alquilar/piso-guindalera28028-53419249902_100500/,40.437880347,-3.667348046,True,False,False,False,False,False,False,False,False,En buen estado,19.0,Salamanca
Piso en calle de Larra,Justicia-Chueca,1160.0,1.0,1.0,37.0,37.0,https://www.pisos.com/alquilar/piso-justicia_chueca28004-53401001435_524228/,https://www.pisos.com/alquilar/piso-justicia_chueca28004-53401001435_524228/,40.4275786,-3.7000374,True,False,False,False,False,False,False,False,False,En buen estado,31.0,Centro
Piso en calle de Pablo Casals,Puerta del Ángel,1950.0,3.0,2.0,90.0,90.0,https://www.pisos.com/alquilar/piso-puerta_del_angel-53393551864_100500/,https://www.pisos.com/alquilar/piso-puerta_del_angel-53393551864_100500/,40.4106056,-3.7247378,True,True,False,False,False,False,False,False,False,En buen estado,21.0,Latina
Piso en Paseo de la Virgen del Puerto,Imperial,2000.0,3.0,2.0,125.0,125.0,https://www.pisos.com/alquilar/piso-imperial28005-29228616576_512906/,https://www.pisos.com/alquilar/piso-imperial28005-29228616576_512906/,40.4046538,-3.7218652,True,False,False,False,False,False,False,False,False,En buen estado,16.0,Arganzuela
Piso en calle de Juan Esplandiú,Estrella,2400.0,3.0,3.0,161.0,161.0,https://www.pisos.com/alquilar/piso-retiro_estrella28007-52541653170_100500/,https://www.pisos.com/alquilar/piso-retiro_estrella28007-52541653170_100500/,40.4183961,-3.6644096,True,False,False,False,False,False,False,False,False,En buen estado,14.0,Retiro
Dúplex en calle del Mediodía Grande,Palacio,1695.0,3.0,1.0,70.0,70.0,https://www.pisos.com/alquilar/duplex-centro_palacio28005-50922902949_501265/,https://www.pisos.com/alquilar/duplex-centro_palacio28005-50922902949_501265/,40.4100745,-3.7110529,False,False,False,False,False,True,False,False,False,En buen estado,24.0,Centro
"Piso en calle de Francisco Silvela, 16",Guindalera,1350.0,1.0,1.0,38.0,38.0,https://www.pisos.com/alquilar/piso-guindalera28028-52565225980_520919/,https://www.pisos.com/alquilar/piso-guindalera28028-52565225980_520919/,40.430943,-3.6708577,True,False,False,False,False,False,False,False,False,Reformado,35.0,Salamanca
Piso en calle de Pizarro,Universidad-Malasaña,1850.0,1.0,1.0,50.0,50.0,https://www.pisos.com/alquilar/piso-universidad_malasana28015-50030509265_100500/,https://www.pisos.com/alquilar/piso-universidad_malasana28015-50030509265_100500/,40.4234022,-3.7055688,True,False,False,False,False,False,False,False,False,En buen estado,37.0,Centro
Piso en calle de Villoslada,Imperial,1600.0,2.0,2.0,90.0,90.0,https://www.pisos.com/alquilar/piso-imperial28005-52511738655_520252/,https://www.pisos.com/alquilar/piso-imperial28005-52511738655_520252/,40.4070785,-3.716442,True,False,False,False,False,False,False,False,False,Reformado,17.0,Arganzuela
Estudio en calle del Lido,Piovera,1350.0,1.0,1.0,60.0,60.0,https://www.pisos.com/alquilar/estudio-piovera28043-50894791246_528573/,https://www.pisos.com/alquilar/estudio-piovera28043-50894791246_528573/,40.4563304,-3.6527101,False,False,False,True,False,False,False,False,False,Reformado,22.0,Hortaleza
Piso en calle de Galiana,Puerta del Ángel,1300.0,2.0,1.0,79.0,79.0,https://www.pisos.com/alquilar/piso-puerta_del_angel-31764768683_100500/,https://www.pisos.com/alquilar/piso-puerta_del_angel-31764768683_100500/,40.4091717,-3.7329044,True,False,False,False,False,False,False,False,False,En buen estado,16.0,Latina
Piso en calle de la Anunciación,Niño Jesús,2200.0,3.0,2.0,138.0,138.0,https://www.pisos.com/alquilar/piso-nino_jesus28009-50863607891_991623/,https://www.pisos.com/alquilar/piso-nino_jesus28009-50863607891_991623/,40.411997,-3.6754353,True,False,False,False,False,False,False,False,False,En buen estado,13.0,Retiro
Piso en Avenida de Menéndez Pelayo,Ibiza,2600.0,3.0,2.0,120.0,120.0,https://www.pisos.com/alquilar/piso-ibiza28009-52578158619_992439/,https://www.pisos.com/alquilar/piso-ibiza28009-52578158619_992439/,40.420663194,-3.679591742,True,False,False,False,False,False,False,False,False,En buen estado,21.0,Retiro
"Piso en calle de Alcalá, 170",Fuente del Berro,1700.0,3.0,1.0,65.0,65.0,https://www.pisos.com/alquilar/piso-fuente_del_berro28028-575224267_440000/,https://www.pisos.com/alquilar/piso-fuente_del_berro28028-575224267_440000/,40.4290471,-3.6664739,True,False,False,False,False,False,False,False,False,En buen estado,26.0,Salamanca
Piso en calle del Gobernador,Cortes-Huertas,2200.0,2.0,1.0,90.0,90.0,https://www.pisos.com/alquilar/piso-cortes_huertas28014-51712783970_528990/,https://www.pisos.com/alquilar/piso-cortes_huertas28014-51712783970_528990/,40.4114476,-3.6941195,True,False,False,False,False,False,False,False,False,En buen estado,24.0,Centro
Piso en calle del Ángel,Palacio,1250.0,1.0,1.0,55.0,55.0,https://www.pisos.com/alquilar/piso-centro_palacio28005-49214393386_529055/,https://www.pisos.com/alquilar/piso-centro_palacio28005-49214393386_529055/,40.4102872,-3.7120722,True,False,False,False,False,False,False,False,False,Reformado,22.0,Centro
Piso en calle de Tortosa,Palos de Moguer,1200.0,1.0,1.0,34.0,34.0,https://www.pisos.com/alquilar/piso-palos_de_moguer28045-49220502435_529055/,https://www.pisos.com/alquilar/piso-palos_de_moguer28045-49220502435_529055/,40.4060229,-3.6922018,True,False,False,False,False,False,False,False,False,En buen estado,35.0,Arganzuela
"Piso en calle de Antonio Grilo, 3",Universidad-Malasaña,1350.0,2.0,1.0,49.0,49.0,https://www.pisos.com/alquilar/piso-universidad_malasana28015-49257651013_529055/,https://www.pisos.com/alquilar/piso-universidad_malasana28015-49257651013_529055/,40.423428,-3.707958,True,False,False,False,False,False,False,False,False,En buen estado,27.0,Centro
Loft en calle de Alfonso Gómez,Simancas,2300.0,2.0,1.0,180.0,180.0,https://www.pisos.com/alquilar/loft-san_blas_simancas28037-52559139647_500564/,https://www.pisos.com/alquilar/loft-san_blas_simancas28037-52559139647_500564/,40.4384338,-3.6286078,False,False,False,False,False,False,False,False,True,En buen estado,12.0,San Blas
Piso en Plaza de Pedro Zerolo,Justicia-Chueca,1800.0,1.0,1.0,55.0,55.0,https://www.pisos.com/alquilar/piso-justicia_chueca28004-45916185226_100500/,https://www.pisos.com/alquilar/piso-justicia_chueca28004-45916185226_100500/,40.421303,-3.6992657,True,False,False,False,False,False,False,False,False,En buen estado,32.0,Centro
Piso en calle de Moreno Nieto,Imperial,1250.0,1.0,1.0,64.0,64.0,https://www.pisos.com/alquilar/piso-imperial28005-43410344382_519513/,https://www.pisos.com/alquilar/piso-imperial28005-43410344382_519513/,40.4118945,-3.7209437,True,False,False,False,False,False,False,False,False,En buen estado,19.0,Arganzuela
"Piso en calle de la Concepción Jerónima, 18",Sol,1400.0,1.0,1.0,55.0,55.0,https://www.pisos.com/alquilar/piso-sol_barrio28012-49203861747_529055/,https://www.pisos.com/alquilar/piso-sol_barrio28012-49203861747_529055/,40.41398,-3.7065477,True,False,False,False,False,False,False,False,False,Reformado,25.0,Centro
"Piso en calle de la Cruz, 10",Sol,1300.0,1.0,1.0,40.0,40.0,https://www.pisos.com/alquilar/piso-sol_barrio28012-49211439174_529055/,https://www.pisos.com/alquilar/piso-sol_barrio28012-49211439174_529055/,40.41592,-3.7013824,True,False,False,False,False,False,False,False,False,En buen estado,32.0,Centro
Apartamento en calle de Moreno Nieto,Imperial,1200.0,1.0,1.0,62.0,62.0,https://www.pisos.com/alquilar/apartamento-imperial-20084069014_109200/,https://www.pisos.com/alquilar/apartamento-imperial-20084069014_109200/,40.4119464,-3.7188061,False,False,False,False,True,False,False,False,False,En buen estado,19.0,Arganzuela
Piso en calle de Atocha,Cortes-Huertas,3107.0,2.0,2.0,104.0,104.0,https://www.pisos.com/alquilar/piso-cortes_huertas28012-52503073009_529410/,https://www.pisos.com/alquilar/piso-cortes_huertas28012-52503073009_529410/,40.4110345,-3.6968507,True,False,False,False,False,False,False,False,False,En buen estado,29.0,Centro
"Piso en calle de Ferrer del Río, 38",Guindalera,1450.0,1.0,2.0,65.0,65.0,https://www.pisos.com/alquilar/piso-guindalera28028-49242521556_529055/,https://www.pisos.com/alquilar/piso-guindalera28028-49242521556_529055/,40.43569,-3.6703095,True,False,False,False,False,False,False,False,False,Reformado,22.0,Salamanca
Piso en calle de la Cruz,Sol,1500.0,2.0,1.0,69.0,69.0,https://www.pisos.com/alquilar/piso-sol_barrio28012-49238698801_529055/,https://www.pisos.com/alquilar/piso-sol_barrio28012-49238698801_529055/,40.4163183,-3.7008048,True,False,False,False,False,False,False,False,False,En buen estado,21.0,Centro
Apartamento en Camino de Valderribas,Numancia,875.0,1.0,1.0,35.0,35.0,https://www.pisos.com/alquilar/apartamento-numancia28038-52567827591_991170/,https://www.pisos.com/alquilar/apartamento-numancia28038-52567827591_991170/,40.400669,-3.6657964,False,False,False,False,True,False,False,False,False,A estrenar,25.0,Puente de Vallecas
"Piso en calle de San Bernardo, 39",Universidad-Malasaña,1800.0,2.0,2.0,80.0,80.0,https://www.pisos.com/alquilar/piso-universidad_malasana28015-52553000654_529055/,https://www.pisos.com/alquilar/piso-universidad_malasana28015-52553000654_529055/,40.423565,-3.7075896,True,False,False,False,False,False,False,False,False,En buen estado,22.0,Centro
Piso en calle de Sagasta,Justicia-Chueca,4100.0,2.0,2.0,110.0,110.0,https://www.pisos.com/alquilar/piso-justicia_chueca28004-37585930827_996542/,https://www.pisos.com/alquilar/piso-justicia_chueca28004-37585930827_996542/,40.428686,-3.6997822,True,False,False,False,False,False,False,False,False,Reformado,37.0,Centro
"Piso en calle del Doctor Gómez Ulla, 18",Guindalera,2800.0,4.0,2.0,145.0,145.0,https://www.pisos.com/alquilar/piso-guindalera28028-49178728204_529055/,https://www.pisos.com/alquilar/piso-guindalera28028-49178728204_529055/,40.430126,-3.6673992,True,False,False,False,False,False,False,False,False,En buen estado,19.0,Salamanca
Piso en calle del Espíritu Santo,Universidad-Malasaña,1700.0,2.0,2.0,81.0,81.0,https://www.pisos.com/alquilar/piso-universidad_malasana-30895495331_524228/,https://www.pisos.com/alquilar/piso-universidad_malasana-30895495331_524228/,40.4256501,-3.7052096,True,False,False,False,False,False,False,False,False,En buen estado,20.0,Centro
Piso en calle de Francisco Silvela,Lista,4910.0,4.0,2.0,151.0,151.0,https://www.pisos.com/alquilar/piso-barrio_de_salamanca_lista28006-51752403645_100500/,https://www.pisos.com/alquilar/piso-barrio_de_salamanca_lista28006-51752403645_100500/,40.43659,-3.6769179,True,False,False,False,False,False,False,False,False,En buen estado,31.0,Salamanca
Piso en calle de Claudio Coello,Castellana,2520.0,2.0,2.0,110.0,110.0,https://www.pisos.com/alquilar/piso-salamanca_castellana28006-42514352856_100500/,https://www.pisos.com/alquilar/piso-salamanca_castellana28006-42514352856_100500/,40.4347993,-3.685581,True,False,False,False,False,False,False,False,False,En buen estado,22.0,Salamanca
Piso en calle del Conde de Peñalver,Lista,2895.0,2.0,1.0,80.0,80.0,https://www.pisos.com/alquilar/piso-lista_barrio28001-42508394075_100500/,https://www.pisos.com/alquilar/piso-lista_barrio28001-42508394075_100500/,40.4251004,-3.675944,True,False,False,False,False,False,False,False,False,En buen estado,36.0,Salamanca
Piso en calle de Méjico,Guindalera,2300.0,2.0,2.0,50.0,50.0,https://www.pisos.com/alquilar/piso-guindalera28028-50850347372_996542/,https://www.pisos.com/alquilar/piso-guindalera28028-50850347372_996542/,40.435966,-3.6745125,True,False,False,False,False,False,False,False,False,Reformado,46.0,Salamanca
Piso en calle de Caños del Peral,Sol,3090.0,3.0,2.0,96.0,96.0,https://www.pisos.com/alquilar/piso-sol_barrio28013-51728524313_100500/,https://www.pisos.com/alquilar/piso-sol_barrio28013-51728524313_100500/,40.4188066,-3.7088194,True,False,False,False,False,False,False,False,False,En buen estado,35.0,Centro
Piso en calle de Las Navas de Tolosa,Sol,1800.0,2.0,2.0,112.0,112.0,https://www.pisos.com/alquilar/piso-sol_barrio28013-53395978706_996542/,https://www.pisos.com/alquilar/piso-sol_barrio28013-53395978706_996542/,40.4191121,-3.706405,True,False,False,False,False,False,False,False,False,En buen estado,16.0,Centro
Piso en calle de Alcántara,Goya,1965.0,1.0,1.0,63.0,63.0,https://www.pisos.com/alquilar/piso-goya28006-42535940846_100500/,https://www.pisos.com/alquilar/piso-goya28006-42535940846_100500/,40.4327743,-3.6733236,True,False,False,False,False,False,False,False,False,En buen estado,42.0,Salamanca
Loft en calle del General Díaz Porlier,Lista,2100.0,1.0,1.0,109.0,109.0,https://www.pisos.com/alquilar/loft-barrio_de_salamanca_lista28028-48357705275_996542/,https://www.pisos.com/alquilar/loft-barrio_de_salamanca_lista28028-48357705275_996542/,40.4354634,-3.67649,False,False,False,False,False,False,False,False,True,Reformado,19.0,Salamanca
Piso en calle de San Andrés,Justicia-Chueca,4135.0,4.0,3.0,128.0,128.0,https://www.pisos.com/alquilar/piso-justicia_chueca28004-42533886684_100500/,https://www.pisos.com/alquilar/piso-justicia_chueca28004-42533886684_100500/,40.4285035,-3.7034797,True,False,False,False,False,False,False,False,False,En buen estado,31.0,Centro
Piso en calle de Bordadores,Sol,1800.0,1.0,1.0,114.0,114.0,https://www.pisos.com/alquilar/piso-sol_barrio28012-51718576880_996542/,https://www.pisos.com/alquilar/piso-sol_barrio28012-51718576880_996542/,40.416504,-3.7075674,True,False,False,False,False,False,False,False,False,En buen estado,15.0,Centro
Piso en calle de los Hermanos del Moral,Opañel,1485.0,2.0,2.0,77.0,77.0,https://www.pisos.com/alquilar/piso-opanel28019-52528094105_501059/,https://www.pisos.com/alquilar/piso-opanel28019-52528094105_501059/,40.3930019,-3.7210451,True,False,False,False,False,False,False,False,False,Reformado,19.0,Carabanchel
Piso en calle de la Reina,Justicia-Chueca,3585.0,2.0,2.0,100.0,100.0,https://www.pisos.com/alquilar/piso-justicia_chueca28004-44183175419_100500/,https://www.pisos.com/alquilar/piso-justicia_chueca28004-44183175419_100500/,40.4204135,-3.7001428,True,False,False,False,False,False,False,False,False,En buen estado,35.0,Centro
Piso en calle Corredera Baja de San Pablo,Universidad-Malasaña,3590.0,3.0,2.0,152.0,152.0,https://www.pisos.com/alquilar/piso-universidad_malasana28004-48427614870_996542/,https://www.pisos.com/alquilar/piso-universidad_malasana28004-48427614870_996542/,40.4235073,-3.7026848,True,False,False,False,False,False,False,False,False,Reformado,23.0,Centro
Piso en Plaza de España,Universidad-Malasaña,4515.0,2.0,2.0,133.0,133.0,https://www.pisos.com/alquilar/piso-universidad_malasana28015-42532354329_100500/,https://www.pisos.com/alquilar/piso-universidad_malasana28015-42532354329_100500/,40.424104968,-3.712337157,True,False,False,False,False,False,False,False,False,En buen estado,33.0,Centro
Piso en calle de Don Ramón de la Cruz,Lista,2890.0,2.0,2.0,140.0,140.0,https://www.pisos.com/alquilar/piso-lista_barrio28006-42519438680_100500/,https://www.pisos.com/alquilar/piso-lista_barrio28006-42519438680_100500/,40.4285143,-3.6741465,True,False,False,False,False,False,False,False,False,En buen estado,25.0,Salamanca
Piso en calle de Núñez de Balboa,Recoletos,3725.0,2.0,2.0,100.0,100.0,https://www.pisos.com/alquilar/piso-recoletos28001-42507420012_100500/,https://www.pisos.com/alquilar/piso-recoletos28001-42507420012_100500/,40.432481059,-3.682243496,True,False,False,False,False,False,False,False,False,En buen estado,37.0,Salamanca
Piso en calle Gran Vía,Sol,4100.0,2.0,2.0,122.0,122.0,https://www.pisos.com/alquilar/piso-sol_barrio28013-48348658081_996542/,https://www.pisos.com/alquilar/piso-sol_barrio28013-48348658081_996542/,40.422016,-3.7090499,True,False,False,False,False,False,False,False,False,En buen estado,33.0,Centro
Piso en calle del Duque de Alba,Embajadores-Lavapiés,2380.0,1.0,2.0,90.0,90.0,https://www.pisos.com/alquilar/piso-centro_embajadores_lavapies28005-42581613022_100500/,https://www.pisos.com/alquilar/piso-centro_embajadores_lavapies28005-42581613022_100500/,40.4117428,-3.7060496,True,False,False,False,False,False,False,False,False,En buen estado,26.0,Centro
Piso en calle Hermosilla,Goya,3305.0,2.0,2.0,102.0,102.0,https://www.pisos.com/alquilar/piso-goya28001-42559350569_100500/,https://www.pisos.com/alquilar/piso-goya28001-42559350569_100500/,40.4265913,-3.687021,True,False,False,False,False,False,False,False,False,En buen estado,32.0,Salamanca
Dúplex en calle de Villalar,Recoletos,4900.0,2.0,2.0,140.0,140.0,https://www.pisos.com/alquilar/duplex-recoletos28001-15065560922_996542/,https://www.pisos.com/alquilar/duplex-recoletos28001-15065560922_996542/,40.4214364,-3.6898192,False,False,False,False,False,True,False,False,False,Reformado,35.0,Salamanca
Piso en calle del Humilladero,Palacio,1900.0,3.0,1.0,80.0,80.0,https://www.pisos.com/alquilar/piso-centro_palacio28005-51697256955_992099/,https://www.pisos.com/alquilar/piso-centro_palacio28005-51697256955_992099/,40.4092597,-3.7103619,True,False,False,False,False,False,False,False,False,Reformado,23.0,Centro
Piso en calle del Príncipe Anglona,Palacio,2695.0,2.0,2.0,85.0,85.0,https://www.pisos.com/alquilar/piso-centro_palacio28005-47508362928_100500/,https://www.pisos.com/alquilar/piso-centro_palacio28005-47508362928_100500/,40.4132717,-3.7112243,True,False,False,False,False,False,False,False,False,En buen estado,31.0,Centro
Piso en calle Jorge Juan,Fuente del Berro,3725.0,3.0,2.0,100.0,100.0,https://www.pisos.com/alquilar/piso-fuente_del_berro28028-42546211892_100500/,https://www.pisos.com/alquilar/piso-fuente_del_berro28028-42546211892_100500/,40.4230272,-3.6680359,True,False,False,False,False,False,False,False,False,En buen estado,37.0,Salamanca
Piso en calle del Duque de Sesto,Goya,3730.0,4.0,3.0,156.0,156.0,https://www.pisos.com/alquilar/piso-goya28009-42531176428_100500/,https://www.pisos.com/alquilar/piso-goya28009-42531176428_100500/,40.4222063,-3.6723441,True,False,False,False,False,False,False,False,False,En buen estado,28.0,Salamanca
Ático en calle de la Virgen de Belén,Opañel,1500.0,2.0,1.0,52.0,52.0,https://www.pisos.com/alquilar/atico-opanel28019-53385937502_501059/,https://www.pisos.com/alquilar/atico-opanel28019-53385937502_501059/,40.3904358,-3.7204195,False,False,True,False,False,False,False,False,False,A estrenar,28.0,Carabanchel
Piso en calle de Chinchilla,Sol,2385.0,1.0,1.0,50.0,50.0,https://www.pisos.com/alquilar/piso-sol_barrio28013-42511141975_100500/,https://www.pisos.com/alquilar/piso-sol_barrio28013-42511141975_100500/,40.4193228,-3.7040642,True,False,False,False,False,False,False,False,False,En buen estado,45.0,Centro
Piso en calle de la Cebada,Palacio,3500.0,3.0,3.0,127.0,127.0,https://www.pisos.com/alquilar/piso-centro_palacio28005-44167764261_100500/,https://www.pisos.com/alquilar/piso-centro_palacio28005-44167764261_100500/,40.4106538,-3.7100875,True,False,False,False,False,False,False,False,False,En buen estado,27.0,Centro
Piso en calle de Tomás López,Fuente del Berro,3435.0,2.0,2.0,95.0,95.0,https://www.pisos.com/alquilar/piso-fuente_del_berro28028-42596334141_100500/,https://www.pisos.com/alquilar/piso-fuente_del_berro28028-42596334141_100500/,40.4268851,-3.6701382,True,False,False,False,False,False,False,False,False,En buen estado,36.0,Salamanca
Piso en calle de la Fuente del Berro,Goya,2530.0,1.0,1.0,70.0,70.0,https://www.pisos.com/alquilar/piso-goya28009-42516618466_100500/,https://www.pisos.com/alquilar/piso-goya28009-42516618466_100500/,40.4258775,-3.6709646,True,False,False,False,False,False,False,False,False,En buen estado,36.0,Salamanca
Piso en calle de Ibiza,Jerónimos,2760.0,2.0,2.0,85.0,85.0,https://www.pisos.com/alquilar/piso-jeronimos28009-43414712161_100500/,https://www.pisos.com/alquilar/piso-jeronimos28009-43414712161_100500/,40.4179686,-3.6733355,True,False,False,False,False,False,False,False,False,En buen estado,31.0,Retiro
Piso en calle de Recoletos,Recoletos,4500.0,2.0,3.0,120.0,120.0,https://www.pisos.com/alquilar/piso-recoletos28001-47554805024_996542/,https://www.pisos.com/alquilar/piso-recoletos28001-47554805024_996542/,40.4220911,-3.6903191,True,False,False,False,False,False,False,False,False,Reformado,37.0,Salamanca
Piso en calle de Arturo Soria,Costillares,2975.0,3.0,2.0,119.0,119.0,https://www.pisos.com/alquilar/piso-costillares-49255727545_996542/,https://www.pisos.com/alquilar/piso-costillares-49255727545_996542/,40.4826393,-3.6654652,True,False,False,False,False,False,False,False,False,Reformado,23.0,Ciudad Lineal
Ático en calle de Hortaleza,Justicia-Chueca,2505.0,2.0,2.0,100.0,100.0,https://www.pisos.com/alquilar/atico-justicia_chueca28004-42595356334_100500/,https://www.pisos.com/alquilar/atico-justicia_chueca28004-42595356334_100500/,40.4206697,-3.7007306,False,False,True,False,False,False,False,False,False,En buen estado,25.0,Centro
Piso en Paseo de la Reina Cristina,Jerónimos,3645.0,3.0,2.0,115.0,115.0,https://www.pisos.com/alquilar/piso-jeronimos28014-42547091985_100500/,https://www.pisos.com/alquilar/piso-jeronimos28014-42547091985_100500/,40.4069748,-3.6830963,True,False,False,False,False,False,False,False,False,En buen estado,31.0,Retiro
Piso en calle del Príncipe,Cortes-Huertas,4515.0,3.0,3.0,175.0,175.0,https://www.pisos.com/alquilar/piso-cortes_huertas28012-42595044624_100500/,https://www.pisos.com/alquilar/piso-cortes_huertas28012-42595044624_100500/,40.4158104,-3.7004723,True,False,False,False,False,False,False,False,False,En buen estado,25.0,Centro
Piso en calle de San Bartolomé,Justicia-Chueca,2150.0,2.0,1.0,67.0,67.0,https://www.pisos.com/alquilar/piso-justicia_chueca28004-51678412110_519513/,https://www.pisos.com/alquilar/piso-justicia_chueca28004-51678412110_519513/,40.4218371,-3.6985925,True,False,False,False,False,False,False,False,False,Reformado,32.0,Centro
Piso en calle de Diego de León,Guindalera,2855.0,2.0,2.0,105.0,105.0,https://www.pisos.com/alquilar/piso-guindalera28028-42519023138_100500/,https://www.pisos.com/alquilar/piso-guindalera28028-42519023138_100500/,40.4349579,-3.6796814,True,False,False,False,False,False,False,False,False,En buen estado,26.0,Salamanca
"Apartamento en calle de Claudio Coello, 55",Castellana,2300.0,1.0,1.0,80.0,80.0,https://www.pisos.com/alquilar/apartamento-salamanca_castellana28001-40049102440_991150/,https://www.pisos.com/alquilar/apartamento-salamanca_castellana28001-40049102440_991150/,40.42734596508628,-3.686389481982757,False,False,False,False,True,False,False,False,False,En buen estado,28.0,Salamanca
Ático en Goya,Goya,2500.0,3.0,1.0,65.0,65.0,https://www.pisos.com/alquilar/atico-goya28009-53416016292_149200/,https://www.pisos.com/alquilar/atico-goya28009-53416016292_149200/,40.4271202,-3.6693755,False,False,True,False,False,False,False,False,False,Reformado,38.0,Salamanca
Piso en calle del Noviciado,Universidad-Malasaña,2750.0,1.0,1.0,150.0,150.0,https://www.pisos.com/alquilar/piso-universidad_malasana28015-51737310926_996542/,https://www.pisos.com/alquilar/piso-universidad_malasana28015-51737310926_996542/,40.4256063,-3.7085272,True,False,False,False,False,False,False,False,False,Reformado,18.0,Centro
Piso en calle de Rufino González,Simancas,1300.0,2.0,1.0,65.0,65.0,https://www.pisos.com/alquilar/piso-san_blas_simancas28037-32551600431_100500/,https://www.pisos.com/alquilar/piso-san_blas_simancas28037-32551600431_100500/,40.4390921,-3.6268521,True,False,False,False,False,False,False,False,False,En buen estado,20.0,San Blas
Piso en calle de Eguilaz,Universidad-Malasaña,3475.0,2.0,2.0,150.0,150.0,https://www.pisos.com/alquilar/piso-universidad_malasana28004-42559872299_100500/,https://www.pisos.com/alquilar/piso-universidad_malasana28004-42559872299_100500/,40.4297667,-3.7005602,True,False,False,False,False,False,False,False,False,En buen estado,22.0,Centro
Piso en Fuente del Berro,Fuente del Berro,1600.0,2.0,2.0,60.0,60.0,https://www.pisos.com/alquilar/piso-fuente_del_berro28028-52571663278_994318/,https://www.pisos.com/alquilar/piso-fuente_del_berro28028-52571663278_994318/,40.4288272,-3.6652727,True,False,False,False,False,False,False,False,False,En buen estado,26.0,Salamanca
Piso en calle de O'Donnell,Goya,3410.0,4.0,3.0,118.0,118.0,https://www.pisos.com/alquilar/piso-goya28009-42532834884_100500/,https://www.pisos.com/alquilar/piso-goya28009-42532834884_100500/,40.4216742,-3.6747799,True,False,False,False,False,False,False,False,False,En buen estado,28.0,Salamanca
Piso en calle de Velarde,Universidad-Malasaña,2785.0,2.0,2.0,80.0,80.0,https://www.pisos.com/alquilar/piso-universidad_malasana28004-42547611242_100500/,https://www.pisos.com/alquilar/piso-universidad_malasana28004-42547611242_100500/,40.4268863,-3.7031321,True,False,False,False,False,False,False,False,False,En buen estado,34.0,Centro
"Piso en calle de Fernán González, 20",Goya,4210.0,3.0,2.0,125.0,125.0,https://www.pisos.com/alquilar/piso-goya28009-42532656979_100500/,https://www.pisos.com/alquilar/piso-goya28009-42532656979_100500/,40.4229,-3.67453,True,False,False,False,False,False,False,False,False,En buen estado,33.0,Salamanca
Piso en calle de Argensola,Justicia-Chueca,2390.0,2.0,2.0,98.0,98.0,https://www.pisos.com/alquilar/piso-justicia_chueca28004-50844481964_996542/,https://www.pisos.com/alquilar/piso-justicia_chueca28004-50844481964_996542/,40.424672,-3.6952618,True,False,False,False,False,False,False,False,False,Reformado,24.0,Centro
Apartamento en calle de Atocha,Embajadores-Lavapiés,2010.0,1.0,1.0,55.0,55.0,https://www.pisos.com/alquilar/apartamento-centro_embajadores_lavapies28012-28425286595_100500/,https://www.pisos.com/alquilar/apartamento-centro_embajadores_lavapies28012-28425286595_100500/,40.4139442,-3.702561,False,False,False,False,True,False,False,False,False,En buen estado,36.0,Centro
Piso en calle de Londres,Guindalera,2500.0,2.0,2.0,81.0,81.0,https://www.pisos.com/alquilar/piso-guindalera28028-49265477296_996542/,https://www.pisos.com/alquilar/piso-guindalera28028-49265477296_996542/,40.4318455,-3.6662381,True,False,False,False,False,False,False,False,False,Reformado,30.0,Salamanca
Piso en calle de Antonio Acuña,Goya,3280.0,3.0,2.0,110.0,110.0,https://www.pisos.com/alquilar/piso-goya28009-42532634191_100500/,https://www.pisos.com/alquilar/piso-goya28009-42532634191_100500/,40.421102716,-3.679049456,True,False,False,False,False,False,False,False,False,En buen estado,29.0,Salamanca
Piso en calle de Santa Brígida,Justicia-Chueca,2270.0,1.0,1.0,48.0,48.0,https://www.pisos.com/alquilar/piso-justicia_chueca28004-43365964237_100500/,https://www.pisos.com/alquilar/piso-justicia_chueca28004-43365964237_100500/,40.4246057,-3.6997645,True,False,False,False,False,False,False,False,False,En buen estado,47.0,Centro
Piso en calle del Conde de Xiquena,Justicia-Chueca,4545.0,3.0,2.0,150.0,150.0,https://www.pisos.com/alquilar/piso-justicia_chueca28004-42543377813_100500/,https://www.pisos.com/alquilar/piso-justicia_chueca28004-42543377813_100500/,40.4236112,-3.6942221,True,False,False,False,False,False,False,False,False,En buen estado,30.0,Centro
Piso en Plaza de la Cebada,Palacio,2300.0,3.0,2.0,124.0,124.0,https://www.pisos.com/alquilar/piso-centro_palacio28005-53414250211_100500/,https://www.pisos.com/alquilar/piso-centro_palacio28005-53414250211_100500/,40.4114913,-3.7092921,True,False,False,False,False,False,False,False,False,En buen estado,18.0,Centro
Ático en calle de Pelayo,Justicia-Chueca,2800.0,1.0,1.0,62.0,62.0,https://www.pisos.com/alquilar/atico-justicia_chueca28004-42564735784_100500/,https://www.pisos.com/alquilar/atico-justicia_chueca28004-42564735784_100500/,40.4219019,-3.6990443,False,False,True,False,False,False,False,False,False,En buen estado,40.0,Centro
Piso en calle de las Huertas,Cortes-Huertas,2210.0,1.0,2.0,121.0,121.0,https://www.pisos.com/alquilar/piso-cortes_huertas28014-42564811263_100500/,https://www.pisos.com/alquilar/piso-cortes_huertas28014-42564811263_100500/,40.4139013,-3.7000178,True,False,False,False,False,False,False,False,False,En buen estado,18.0,Centro
Piso en calle del Marqués del Duero,Recoletos,2570.0,1.0,1.0,50.0,50.0,https://www.pisos.com/alquilar/piso-recoletos28001-42578597004_100500/,https://www.pisos.com/alquilar/piso-recoletos28001-42578597004_100500/,40.4205405,-3.6915859,True,False,False,False,False,False,False,False,False,En buen estado,48.0,Salamanca
Apartamento en calle Gran Vía,Palacio,2800.0,1.0,1.0,70.0,70.0,https://www.pisos.com/alquilar/apartamento-centro_palacio28013-48402318509_996542/,https://www.pisos.com/alquilar/apartamento-centro_palacio28013-48402318509_996542/,40.4223765,-3.7096117,False,False,False,False,True,False,False,False,False,Reformado,40.0,Centro
Piso en calle del General Oráa,Lista,3445.0,3.0,2.0,97.0,97.0,https://www.pisos.com/alquilar/piso-barrio_de_salamanca_lista28006-42558290067_100500/,https://www.pisos.com/alquilar/piso-barrio_de_salamanca_lista28006-42558290067_100500/,40.4361534,-3.6855837,True,False,False,False,False,False,False,False,False,En buen estado,34.0,Salamanca
Ático en calle de Calatrava,Palacio,1400.0,1.0,1.0,45.0,45.0,https://www.pisos.com/alquilar/atico-centro_palacio28005-53423424344_100500/,https://www.pisos.com/alquilar/atico-centro_palacio28005-53423424344_100500/,40.4094145,-3.7127078,False,False,True,False,False,False,False,False,False,A estrenar,31.0,Centro
Piso en calle Doctor Esquerdo,Estrella,2735.0,2.0,2.0,67.0,67.0,https://www.pisos.com/alquilar/piso-retiro_estrella28007-43409690942_100500/,https://www.pisos.com/alquilar/piso-retiro_estrella28007-43409690942_100500/,40.4274392,-3.6682128,True,False,False,False,False,False,False,False,False,En buen estado,40.0,Retiro
Piso en calle de Gravina,Justicia-Chueca,4940.0,4.0,3.0,183.0,183.0,https://www.pisos.com/alquilar/piso-justicia_chueca28004-42526444595_100500/,https://www.pisos.com/alquilar/piso-justicia_chueca28004-42526444595_100500/,40.4229605,-3.6972565,True,False,False,False,False,False,False,False,False,En buen estado,26.0,Centro
Piso en calle de Salustiano Olozaga,Recoletos,4000.0,3.0,2.0,161.0,161.0,https://www.pisos.com/alquilar/piso-recoletos28001-52529710103_100500/,https://www.pisos.com/alquilar/piso-recoletos28001-52529710103_100500/,40.4210609,-3.6911346,True,False,False,False,False,False,False,False,False,En buen estado,24.0,Salamanca
Piso en calle del General Díaz Porlier,Lista,2100.0,1.0,1.0,65.0,65.0,https://www.pisos.com/alquilar/piso-lista_barrio28006-43415878566_996542/,https://www.pisos.com/alquilar/piso-lista_barrio28006-43415878566_996542/,40.4355483,-3.6761959,True,False,False,False,False,False,False,False,False,Reformado,32.0,Salamanca
Piso en Lista,Lista,3200.0,2.0,2.0,105.0,105.0,https://www.pisos.com/alquilar/piso-lista_barrio28001-945856909199973_109700/,https://www.pisos.com/alquilar/piso-lista_barrio28001-945856909199973_109700/,40.4259289,-3.6777457,True,False,False,False,False,False,False,False,False,Reformado,30.0,Salamanca
Estudio en calle de la Sombrerería,Embajadores-Lavapiés,1100.0,1.0,1.0,40.0,40.0,https://www.pisos.com/alquilar/estudio-centro_embajadores_lavapies28012-50905421091_996542/,https://www.pisos.com/alquilar/estudio-centro_embajadores_lavapies28012-50905421091_996542/,40.4073927,-3.6999669,False,False,False,True,False,False,False,False,False,Reformado,27.0,Centro
Piso en calle San Bartome,Justicia-Chueca,2250.0,2.0,1.0,67.0,67.0,https://www.pisos.com/alquilar/piso-justicia_chueca28004-99259191372_996542/,https://www.pisos.com/alquilar/piso-justicia_chueca28004-99259191372_996542/,40.4224555,-3.6977796,True,False,False,False,False,False,False,False,False,Reformado,33.0,Centro
Piso en calle de Padilla,Lista,2685.0,2.0,1.0,70.0,70.0,https://www.pisos.com/alquilar/piso-lista_barrio28006-42501173561_100500/,https://www.pisos.com/alquilar/piso-lista_barrio28006-42501173561_100500/,40.431132,-3.6725234,True,False,False,False,False,False,False,False,False,En buen estado,31.0,Salamanca
Piso en calle del Piamonte,Justicia-Chueca,3880.0,2.0,2.0,100.0,100.0,https://www.pisos.com/alquilar/piso-justicia_chueca28004-42545578320_100500/,https://www.pisos.com/alquilar/piso-justicia_chueca28004-42545578320_100500/,40.4229736,-3.6943097,True,False,False,False,False,False,False,False,False,En buen estado,38.0,Centro
Piso en Ronda de Atocha,Atocha,3300.0,3.0,2.0,135.0,135.0,https://www.pisos.com/alquilar/piso-atocha28012-50043334595_996542/,https://www.pisos.com/alquilar/piso-atocha28012-50043334595_996542/,40.4067226,-3.6956842,True,False,False,False,False,False,False,False,False,Reformado,24.0,Arganzuela
Piso en calle de Bustamante,Palos de Moguer,1200.0,1.0,1.0,56.0,56.0,https://www.pisos.com/alquilar/piso-palos_de_moguer28045-53399039102_100500/,https://www.pisos.com/alquilar/piso-palos_de_moguer28045-53399039102_100500/,40.4007361,-3.6899896,True,False,False,False,False,False,False,False,False,En buen estado,19.0,Arganzuela
"Piso en calle de Relatores, 10",Embajadores-Lavapiés,1300.0,2.0,1.0,65.0,65.0,https://www.pisos.com/alquilar/piso-centro_embajadores_lavapies28012-51676040359_100500/,https://www.pisos.com/alquilar/piso-centro_embajadores_lavapies28012-51676040359_100500/,40.4132,-3.70324,True,False,False,False,False,False,False,False,False,En buen estado,20.0,Centro
Piso en calle de Carlos Arniches,Embajadores-Lavapiés,975.0,1.0,1.0,29.0,29.0,https://www.pisos.com/alquilar/piso-centro_embajadores_lavapies28005-49179834360_516451/,https://www.pisos.com/alquilar/piso-centro_embajadores_lavapies28005-49179834360_516451/,40.4072369,-3.7083326,True,False,False,False,False,False,False,False,False,En buen estado,33.0,Centro
"Apartamento en calle del Arenal, 8",Sol,1500.0,1.0,1.0,73.0,73.0,https://www.pisos.com/alquilar/apartamento-sol_barrio28013-50847096530_528950/,https://www.pisos.com/alquilar/apartamento-sol_barrio28013-50847096530_528950/,40.417088,-3.7055147,False,False,False,False,True,False,False,False,False,A estrenar,20.0,Centro
Piso en calle de la Bola,Palacio,2450.0,1.0,1.0,70.0,70.0,https://www.pisos.com/alquilar/piso-centro_palacio28013-42559118050_100500/,https://www.pisos.com/alquilar/piso-centro_palacio28013-42559118050_100500/,40.4203095,-3.7100163,True,False,False,False,False,False,False,False,False,En buen estado,35.0,Centro
Apartamento en calle de Carretas,Sol,1800.0,1.0,1.0,70.0,70.0,https://www.pisos.com/alquilar/apartamento-sol_barrio28012-50878425188_996542/,https://www.pisos.com/alquilar/apartamento-sol_barrio28012-50878425188_996542/,40.4154019,-3.7031039,False,False,False,False,True,False,False,False,False,Reformado,25.0,Centro
"Piso en calle de Ocaña, 120",Aluche,2000.0,5.0,2.0,164.0,164.0,https://www.pisos.com/alquilar/piso-latina_aluche28047-50055885760_103800/,https://www.pisos.com/alquilar/piso-latina_aluche28047-50055885760_103800/,40.3862,-3.7535,True,False,False,False,False,False,False,False,False,En buen estado,12.0,Latina
Piso en Chueca,Justicia-Chueca,2800.0,2.0,2.0,180.0,180.0,https://www.pisos.com/alquilar/piso-justicia_chueca28004-945856909480195_109700/,https://www.pisos.com/alquilar/piso-justicia_chueca28004-945856909480195_109700/,40.4222665,-3.7000179,True,False,False,False,False,False,False,False,False,Reformado,15.0,Centro
Piso en calle de Santa Ana,Embajadores-Lavapiés,1800.0,3.0,1.0,65.0,65.0,https://www.pisos.com/alquilar/piso-centro_embajadores_lavapies28005-29235874465_100500/,https://www.pisos.com/alquilar/piso-centro_embajadores_lavapies28005-29235874465_100500/,40.4094353,-3.7093671,True,False,False,False,False,False,False,False,False,En buen estado,27.0,Centro
Piso en calle de Bailén,Palacio,3185.0,2.0,2.0,86.0,86.0,https://www.pisos.com/alquilar/piso-centro_palacio28005-43339000685_100500/,https://www.pisos.com/alquilar/piso-centro_palacio28005-43339000685_100500/,40.4116153,-3.7140538,True,False,False,False,False,False,False,False,False,En buen estado,34.0,Centro
Piso en calle Hscienda de Pavones,Pavones,1250.0,3.0,1.0,93.0,93.0,https://www.pisos.com/alquilar/piso-pavones-52555197818_100900/,https://www.pisos.com/alquilar/piso-pavones-52555197818_100900/,40.400530116,-3.634863222,True,False,False,False,False,False,False,False,False,En buen estado,13.0,Moratalaz
"Apartamento en calle de Ayala, 74",Goya,1400.0,1.0,1.0,70.0,70.0,https://www.pisos.com/alquilar/apartamento-goya28001-50904420247_991150/,https://www.pisos.com/alquilar/apartamento-goya28001-50904420247_991150/,40.42738,-3.679167,False,False,False,False,True,False,False,False,False,En buen estado,20.0,Salamanca
Piso en Avenida de la Ciudad de Barcelona,Adelfas,3300.0,3.0,2.0,115.0,115.0,https://www.pisos.com/alquilar/piso-adelfas28007-48358210950_996542/,https://www.pisos.com/alquilar/piso-adelfas28007-48358210950_996542/,40.4000205,-3.6728632,True,False,False,False,False,False,False,False,False,En buen estado,28.0,Retiro
Ático en calle de Fuencarral,Universidad-Malasaña,3120.0,2.0,2.0,76.0,76.0,https://www.pisos.com/alquilar/atico-universidad_malasana28004-43413963461_100500/,https://www.pisos.com/alquilar/atico-universidad_malasana28004-43413963461_100500/,40.4224764,-3.7007223,False,False,True,False,False,False,False,False,False,En buen estado,41.0,Centro
Piso en calle del Doce de Octubre,Niño Jesús,3540.0,2.0,1.0,76.0,76.0,https://www.pisos.com/alquilar/piso-nino_jesus28009-48373375347_100500/,https://www.pisos.com/alquilar/piso-nino_jesus28009-48373375347_100500/,40.4157587,-3.6752437,True,False,False,False,False,False,False,False,False,En buen estado,46.0,Retiro
Piso en calle de Goya,Recoletos,1700.0,1.0,1.0,50.0,50.0,https://www.pisos.com/alquilar/piso-recoletos28001-53411103196_108900/,https://www.pisos.com/alquilar/piso-recoletos28001-53411103196_108900/,40.4249292,-3.6819886,True,False,False,False,False,False,False,False,False,En buen estado,34.0,Salamanca
"Piso en Avenida de la Ciudad de Barcelona, 13",Pacífico,1200.0,1.0,1.0,36.0,36.0,https://www.pisos.com/alquilar/piso-retiro_pacifico28014-53413624080_100500/,https://www.pisos.com/alquilar/piso-retiro_pacifico28014-53413624080_100500/,40.405,-3.68203,True,False,False,False,False,False,False,False,False,En buen estado,33.0,Retiro
Piso en calle de Lope de Vega,Cortes-Huertas,2300.0,3.0,1.0,135.0,135.0,https://www.pisos.com/alquilar/piso-cortes_huertas28014-48432984699_100500/,https://www.pisos.com/alquilar/piso-cortes_huertas28014-48432984699_100500/,40.4137504,-3.6967039,True,False,False,False,False,False,False,False,False,En buen estado,17.0,Centro
Piso en calle de Narváez,Ibiza,4900.0,3.0,3.0,170.0,170.0,https://www.pisos.com/alquilar/piso-ibiza28009-51679827130_100500/,https://www.pisos.com/alquilar/piso-ibiza28009-51679827130_100500/,40.4201507,-3.6759085,True,False,False,False,False,False,False,False,False,Reformado,28.0,Retiro
Piso en Distrito Salamanca,Castellana,3700.0,3.0,3.0,167.0,167.0,https://www.pisos.com/alquilar/piso-barrio_de_salamanca_castellana28006-51753457590_108900/,https://www.pisos.com/alquilar/piso-barrio_de_salamanca_castellana28006-51753457590_108900/,40.436180333,-3.683121663,True,False,False,False,False,False,False,False,False,En buen estado,22.0,Salamanca
Apartamento en Avenida de Menéndez Pelayo,Niño Jesús,1600.0,1.0,1.0,55.0,55.0,https://www.pisos.com/alquilar/apartamento-nino_jesus28009-52571320373_100500/,https://www.pisos.com/alquilar/apartamento-nino_jesus28009-52571320373_100500/,40.413331378,-3.676935405,False,False,False,False,True,False,False,False,False,En buen estado,29.0,Retiro
"Piso en calle del Príncipe de Vergara, 47",Castellana,1900.0,1.0,1.0,59.0,59.0,https://www.pisos.com/alquilar/piso-salamanca_castellana28001-49251555285_100500/,https://www.pisos.com/alquilar/piso-salamanca_castellana28001-49251555285_100500/,40.4295,-3.68001,True,False,False,False,False,False,False,False,False,En buen estado,30.0,Salamanca
Piso en Barrio Salamanca,Castellana,3600.0,2.0,3.0,152.0,152.0,https://www.pisos.com/alquilar/piso-salamanca_castellana28006-50076513909_100500/,https://www.pisos.com/alquilar/piso-salamanca_castellana28006-50076513909_100500/,40.4364248,-3.6883677,True,False,False,False,False,False,False,False,False,En buen estado,23.0,Salamanca
Piso en Travesía del Almendro,Palacio,1200.0,1.0,1.0,52.0,52.0,https://www.pisos.com/alquilar/piso-centro_palacio28005-50065392197_100500/,https://www.pisos.com/alquilar/piso-centro_palacio28005-50065392197_100500/,40.4130127,-3.7090459,True,False,False,False,False,False,False,False,False,En buen estado,23.0,Centro
Piso en calle de los Tres Peces,Embajadores-Lavapiés,1100.0,1.0,1.0,40.0,40.0,https://www.pisos.com/alquilar/piso-centro_embajadores_lavapies28012-53412163078_100500/,https://www.pisos.com/alquilar/piso-centro_embajadores_lavapies28012-53412163078_100500/,40.4108681,-3.6991882,True,False,False,False,False,False,False,False,False,En buen estado,27.0,Centro
Piso en calle de Valdetorres de Jarama,Pinar del Rey,1500.0,3.0,2.0,90.0,90.0,https://www.pisos.com/alquilar/piso-pinar_del_rey28033-49208363668_100500/,https://www.pisos.com/alquilar/piso-pinar_del_rey28033-49208363668_100500/,40.4718103,-3.6450172,True,False,False,False,False,False,False,False,False,En buen estado,16.0,Hortaleza
Piso en calle María de las Mercedes de Borbón,Valdebebas-Valdefuentes,2500.0,3.0,2.0,160.0,160.0,https://www.pisos.com/alquilar/piso-valdebebas_valdefuentes28055-52504941457_100500/,https://www.pisos.com/alquilar/piso-valdebebas_valdefuentes28055-52504941457_100500/,40.4931844,-3.6213183,True,False,False,False,False,False,False,False,False,En buen estado,15.0,Hortaleza
Piso en calle del Párroco Eusebio Cuenca,Delicias,1800.0,3.0,2.0,126.0,126.0,https://www.pisos.com/alquilar/piso-arganzuela_delicias-53358695979_100500/,https://www.pisos.com/alquilar/piso-arganzuela_delicias-53358695979_100500/,40.3967262,-3.6901395,True,False,False,False,False,False,False,False,False,En buen estado,16.0,Arganzuela
Ático en Centro,Embajadores-Lavapiés,2500.0,1.0,2.0,116.0,116.0,https://www.pisos.com/alquilar/atico-centro_embajadores_lavapies28012-53426389492_108900/,https://www.pisos.com/alquilar/atico-centro_embajadores_lavapies28012-53426389492_108900/,40.4135651,-3.7062339,False,False,True,False,False,False,False,False,False,En buen estado,21.0,Centro
Piso en calle de Fernando Poo,Chopera,1930.0,3.0,1.0,120.0,120.0,https://www.pisos.com/alquilar/piso-chopera28045-51671468066_100500/,https://www.pisos.com/alquilar/piso-chopera28045-51671468066_100500/,40.3961087,-3.699846,True,False,False,False,False,False,False,False,False,En buen estado,16.0,Arganzuela
Piso en Buenavista,Buenavista,975.0,2.0,1.0,77.0,77.0,https://www.pisos.com/alquilar/piso-carabanchel_buenavista28044-39243804808_100500/,https://www.pisos.com/alquilar/piso-carabanchel_buenavista28044-39243804808_100500/,40.3679228,-3.7598984,True,False,False,False,False,False,False,False,False,En buen estado,12.0,Carabanchel
Piso en Zofío,Zofío,1180.0,3.0,1.0,71.0,71.0,https://www.pisos.com/alquilar/piso-zofio28026-43419865028_100500/,https://www.pisos.com/alquilar/piso-zofio28026-43419865028_100500/,40.3797551,-3.7133227,True,False,False,False,False,False,False,False,False,En buen estado,16.0,Usera
Piso en calle de Cronos,Simancas,1550.0,3.0,2.0,114.0,114.0,https://www.pisos.com/alquilar/piso-san_blas_simancas28037-41676119503_519303/,https://www.pisos.com/alquilar/piso-san_blas_simancas28037-41676119503_519303/,40.439333,-3.618948,True,False,False,False,False,False,False,False,False,En buen estado,13.0,San Blas
Piso en calle de Abtao,Pacífico,1200.0,1.0,1.0,45.0,45.0,https://www.pisos.com/alquilar/piso-retiro_pacifico28007-45024668010_519303/,https://www.pisos.com/alquilar/piso-retiro_pacifico28007-45024668010_519303/,40.4043117,-3.6759324,True,False,False,False,False,False,False,False,False,En buen estado,26.0,Retiro
Piso en calle de la Virgen de los Peligros,Sol,2800.0,1.0,1.0,66.0,66.0,https://www.pisos.com/alquilar/piso-sol_barrio28013-52512245126_108900/,https://www.pisos.com/alquilar/piso-sol_barrio28013-52512245126_108900/,40.4188068,-3.6997657,True,False,False,False,False,False,False,False,False,A estrenar,42.0,Centro
"Piso en calle calle del Dr Cortezo,",Atocha,1200.0,2.0,1.0,70.0,70.0,https://www.pisos.com/alquilar/piso-atocha28012-43337284149_519303/,https://www.pisos.com/alquilar/piso-atocha28012-43337284149_519303/,40.394268294,-3.678581299,True,False,False,False,False,False,False,False,False,En buen estado,17.0,Arganzuela
Ático en Retiro,Jerónimos,1990.0,1.0,1.0,84.0,84.0,https://www.pisos.com/alquilar/atico-jeronimos28009-50915517980_108900/,https://www.pisos.com/alquilar/atico-jeronimos28009-50915517980_108900/,40.4179181,-3.6784122,False,False,True,False,False,False,False,False,False,En buen estado,23.0,Retiro
"Apartamento en calle de Algete, 6",Legazpi,1125.0,1.0,1.0,54.0,54.0,https://www.pisos.com/alquilar/apartamento-legazpi_barrio28045-35049318432_518087/,https://www.pisos.com/alquilar/apartamento-legazpi_barrio28045-35049318432_518087/,40.38880879674296,-3.694653982596656,False,False,False,False,True,False,False,False,False,En buen estado,20.0,Arganzuela
Apartamento en calle de los Cuchilleros,Sol,2470.0,2.0,1.0,80.0,80.0,https://www.pisos.com/alquilar/apartamento-sol_barrio28005-50077129007_100500/,https://www.pisos.com/alquilar/apartamento-sol_barrio28005-50077129007_100500/,40.4142562,-3.707922,False,False,False,False,True,False,False,False,False,A estrenar,30.0,Centro
"Piso en calle de Azcona, 31",Guindalera,1715.0,2.0,2.0,77.0,77.0,https://www.pisos.com/alquilar/piso-guindalera28028-52584854660_518087/,https://www.pisos.com/alquilar/piso-guindalera28028-52584854660_518087/,40.434925,-3.6682975,True,False,False,False,False,False,False,False,False,En buen estado,24.0,Salamanca
Piso en calle de Catrejón,Pinar del Rey,2300.0,4.0,2.0,147.0,147.0,https://www.pisos.com/alquilar/piso-pinar_del_rey28033-52579956990_100200/,https://www.pisos.com/alquilar/piso-pinar_del_rey28033-52579956990_100200/,40.463056,-3.6613354,True,False,False,False,False,False,False,False,False,En buen estado,15.0,Hortaleza
"Estudio en calle de Maldonado, 55",Lista,1210.0,1.0,1.0,36.0,36.0,https://www.pisos.com/alquilar/estudio-barrio_de_salamanca_lista28006-47546327902_518087/,https://www.pisos.com/alquilar/estudio-barrio_de_salamanca_lista28006-47546327902_518087/,40.433765,-3.6782417,False,False,False,True,False,False,False,False,False,Reformado,31.0,Salamanca
Ático en calle de Atocha,Cortes-Huertas,1490.0,2.0,2.0,80.0,80.0,https://www.pisos.com/alquilar/atico-cortes_huertas28012-47562848760_100500/,https://www.pisos.com/alquilar/atico-cortes_huertas28012-47562848760_100500/,40.4139675,-3.7026475,False,False,True,False,False,False,False,False,False,En buen estado,18.0,Centro
Piso en Pasadizo de San Ginés,Sol,2462.0,2.0,1.0,55.0,55.0,https://www.pisos.com/alquilar/piso-sol_barrio28013-38344489691_100500/,https://www.pisos.com/alquilar/piso-sol_barrio28013-38344489691_100500/,40.4171059,-3.706634,True,False,False,False,False,False,False,False,False,En buen estado,44.0,Centro
Piso en Puerta del Ángel,Puerta del Ángel,1110.0,2.0,1.0,56.0,56.0,https://www.pisos.com/alquilar/piso-puerta_del_angel-32583555437_100500/,https://www.pisos.com/alquilar/piso-puerta_del_angel-32583555437_100500/,40.406112,-3.7384221,True,False,False,False,False,False,False,False,False,En buen estado,19.0,Latina
Piso en calle de la Ruda,Embajadores-Lavapiés,2250.0,3.0,1.0,78.0,78.0,https://www.pisos.com/alquilar/piso-centro_embajadores_lavapies28005-45070476512_519303/,https://www.pisos.com/alquilar/piso-centro_embajadores_lavapies28005-45070476512_519303/,40.4105109,-3.7079386,True,False,False,False,False,False,False,False,False,En buen estado,28.0,Centro
Piso en Palos de Moguer,Palos de Moguer,1650.0,2.0,2.0,104.0,104.0,https://www.pisos.com/alquilar/piso-palos_de_moguer28045-50849260082_100200/,https://www.pisos.com/alquilar/piso-palos_de_moguer28045-50849260082_100200/,40.4016681,-3.6959382,True,False,False,False,False,False,False,False,False,En buen estado,15.0,Arganzuela
Piso en calle Valderribas,Pacífico,2050.0,3.0,2.0,85.0,85.0,https://www.pisos.com/alquilar/piso-retiro_pacifico28007-50903065064_100500/,https://www.pisos.com/alquilar/piso-retiro_pacifico28007-50903065064_100500/,40.4048902,-3.6766912,True,False,False,False,False,False,False,False,False,En buen estado,24.0,Retiro
Piso en Avenida de la Peseta,Pau de Carabanchel,1075.0,1.0,1.0,39.0,39.0,https://www.pisos.com/alquilar/piso-pau_de_carabanchel28054-52533766153_100500/,https://www.pisos.com/alquilar/piso-pau_de_carabanchel28054-52533766153_100500/,40.3620778,-3.7495464,True,False,False,False,False,False,False,False,False,En buen estado,27.0,Carabanchel
Piso en Arganzuela,Chopera,1195.0,3.0,1.0,85.0,85.0,https://www.pisos.com/alquilar/piso-chopera28045-52569610707_108900/,https://www.pisos.com/alquilar/piso-chopera28045-52569610707_108900/,40.3963844,-3.6986388,True,False,False,False,False,False,False,False,False,En buen estado,14.0,Arganzuela
Piso en Hellín,Hellín,1180.0,3.0,1.0,59.0,59.0,https://www.pisos.com/alquilar/piso-san_blas_hellin28037-31686987109_100500/,https://www.pisos.com/alquilar/piso-san_blas_hellin28037-31686987109_100500/,40.4319271,-3.6166024,True,False,False,False,False,False,False,False,False,En buen estado,20.0,San Blas
"Piso en calle de las Viñas del Río, 14",Butarque,945.0,1.0,1.0,51.0,51.0,https://www.pisos.com/alquilar/piso-butarque28021-51668700106_100500/,https://www.pisos.com/alquilar/piso-butarque28021-51668700106_100500/,40.3402,-3.67929,True,False,False,False,False,False,False,False,False,En buen estado,18.0,Villaverde
Piso en San Andrés,San Andrés,1200.0,3.0,1.0,75.0,75.0,https://www.pisos.com/alquilar/piso-villaverde_san_andres28021-39230648340_100500/,https://www.pisos.com/alquilar/piso-villaverde_san_andres28021-39230648340_100500/,40.3444006,-3.708574,True,False,False,False,False,False,False,False,False,En buen estado,16.0,Villaverde
Piso en Entrevías,Entrevías,1185.0,3.0,1.0,61.0,61.0,https://www.pisos.com/alquilar/piso-puente_de_vallecas_entrevias28053-52539508012_100500/,https://www.pisos.com/alquilar/piso-puente_de_vallecas_entrevias28053-52539508012_100500/,40.3815738,-3.6713286,True,False,False,False,False,False,False,False,False,En buen estado,19.0,Puente de Vallecas
Piso en San Cristóbal,San Cristóbal,1020.0,3.0,1.0,57.0,57.0,https://www.pisos.com/alquilar/piso-villaverde_san_cristobal-52567929575_100500/,https://www.pisos.com/alquilar/piso-villaverde_san_cristobal-52567929575_100500/,40.3434745,-3.6857388,True,False,False,False,False,False,False,False,False,En buen estado,17.0,Villaverde
Apartamento en Opañel,Opañel,700.0,1.0,1.0,32.0,32.0,https://www.pisos.com/alquilar/apartamento-opanel28019-53377154735_516598/,https://www.pisos.com/alquilar/apartamento-opanel28019-53377154735_516598/,40.3904069,-3.7272669,False,False,False,False,True,False,False,False,False,En buen estado,21.0,Carabanchel
Piso en calle de Maldonado,Castellana,2100.0,2.0,2.0,84.0,84.0,https://www.pisos.com/alquilar/piso-barrio_de_salamanca_castellana28006-51732146134_100500/,https://www.pisos.com/alquilar/piso-barrio_de_salamanca_castellana28006-51732146134_100500/,40.4338358,-3.679972,True,False,False,False,False,False,False,False,False,En buen estado,25.0,Salamanca
Piso en Ciudad Lineal,Ventas,1250.0,3.0,2.0,90.0,90.0,https://www.pisos.com/alquilar/piso-ventas28017-52547911148_108900/,https://www.pisos.com/alquilar/piso-ventas28017-52547911148_108900/,40.433106,-3.6403509,True,False,False,False,False,False,False,False,False,En buen estado,13.0,Ciudad Lineal
Piso en Butarque,Butarque,1060.0,2.0,1.0,67.0,67.0,https://www.pisos.com/alquilar/piso-butarque28021-52547434150_100500/,https://www.pisos.com/alquilar/piso-butarque28021-52547434150_100500/,40.3538984,-3.6821495,True,False,False,False,False,False,False,False,False,En buen estado,15.0,Villaverde
Piso en Vista Alegre,Vista Alegre,1000.0,2.0,1.0,47.0,47.0,https://www.pisos.com/alquilar/piso-carabanchel_vista_alegre28025-51727357410_100500/,https://www.pisos.com/alquilar/piso-carabanchel_vista_alegre28025-51727357410_100500/,40.3858355,-3.737007,True,False,False,False,False,False,False,False,False,En buen estado,21.0,Carabanchel
Piso en Palomeras Sureste,Palomeras Sureste,1215.0,3.0,1.0,61.0,61.0,https://www.pisos.com/alquilar/piso-palomeras_sureste28018-35918878968_100500/,https://www.pisos.com/alquilar/piso-palomeras_sureste28018-35918878968_100500/,40.3862472,-3.6398217,True,False,False,False,False,False,False,False,False,En buen estado,19.0,Puente de Vallecas
Piso en Abrantes,Abrantes,1150.0,3.0,1.0,72.0,72.0,https://www.pisos.com/alquilar/piso-abrantes28025-36676721545_100500/,https://www.pisos.com/alquilar/piso-abrantes28025-36676721545_100500/,40.3768337,-3.7337669,True,False,False,False,False,False,False,False,False,En buen estado,15.0,Carabanchel
Piso en Numancia,Numancia,1200.0,3.0,1.0,59.0,59.0,https://www.pisos.com/alquilar/piso-numancia28038-50901992927_100500/,https://www.pisos.com/alquilar/piso-numancia28038-50901992927_100500/,40.3973921,-3.6578094,True,False,False,False,False,False,False,False,False,En buen estado,20.0,Puente de Vallecas
Piso en Los Ángeles,Los Ángeles,1230.0,3.0,1.0,63.0,63.0,https://www.pisos.com/alquilar/piso-villaverde_los_angeles28041-53356157619_100500/,https://www.pisos.com/alquilar/piso-villaverde_los_angeles28041-53356157619_100500/,40.3514706,-3.6944628,True,False,False,False,False,False,False,False,False,En buen estado,19.0,Villaverde
"Ático en calle del Pintor Ignacio Zuloaga, 8",Sanchinarro,1455.0,2.0,1.0,74.0,74.0,https://www.pisos.com/alquilar/atico-sanchinarro28050-43379253317_100500/,https://www.pisos.com/alquilar/atico-sanchinarro28050-43379253317_100500/,40.4853,-3.65143,False,False,True,False,False,False,False,False,False,En buen estado,19.0,Hortaleza
Piso en Casco Histórico de Barajas,Casco Histórico de Barajas,1090.0,2.0,1.0,48.0,48.0,https://www.pisos.com/alquilar/piso-casco_historico_de_barajas-24169188029_100500/,https://www.pisos.com/alquilar/piso-casco_historico_de_barajas-24169188029_100500/,40.4700225,-3.5795346,True,False,False,False,False,False,False,False,False,En buen estado,22.0,Barajas
Piso en Amposta,Amposta,1290.0,3.0,1.0,72.0,72.0,https://www.pisos.com/alquilar/piso-san_blas_amposta-53431921607_100500/,https://www.pisos.com/alquilar/piso-san_blas_amposta-53431921607_100500/,40.426201,-3.6216517,True,False,False,False,False,False,False,False,False,En buen estado,17.0,San Blas
"Apartamento en calle de Antonio López, 191",Almendrales,1250.0,1.0,1.0,61.0,61.0,https://www.pisos.com/alquilar/apartamento-almendrales28026-52546983302_109800/,https://www.pisos.com/alquilar/apartamento-almendrales28026-52546983302_109800/,40.385292,-3.695741,False,False,False,False,True,False,False,False,False,A estrenar,20.0,Usera
Dúplex en Goya,Goya,2100.0,1.0,1.0,75.0,75.0,https://www.pisos.com/alquilar/duplex-goya28009-50024480119_100500/,https://www.pisos.com/alquilar/duplex-goya28009-50024480119_100500/,40.4249842,-3.6759335,False,False,False,False,False,True,False,False,False,En buen estado,28.0,Salamanca
Piso en Adelfas,Adelfas,2000.0,4.0,2.0,115.0,115.0,https://www.pisos.com/alquilar/piso-adelfas28007-53388134519_100500/,https://www.pisos.com/alquilar/piso-adelfas28007-53388134519_100500/,40.4051437,-3.6671826,True,False,False,False,False,False,False,False,False,En buen estado,17.0,Retiro
Piso en Portazgo,Portazgo,1045.0,2.0,1.0,58.0,58.0,https://www.pisos.com/alquilar/piso-puente_de_vallecas_portazgo28038-26734297250_100500/,https://www.pisos.com/alquilar/piso-puente_de_vallecas_portazgo28038-26734297250_100500/,40.3878497,-3.6462241,True,False,False,False,False,False,False,False,False,En buen estado,18.0,Puente de Vallecas
Apartamento en calle Mayor,Sol,1490.0,2.0,1.0,83.0,83.0,https://www.pisos.com/alquilar/apartamento-sol_barrio28012-26765671161_100500/,https://www.pisos.com/alquilar/apartamento-sol_barrio28012-26765671161_100500/,40.4162921,-3.7060525,False,False,False,False,True,False,False,False,False,En buen estado,17.0,Centro
Piso en Pradolongo,Pradolongo,1140.0,3.0,1.0,57.0,57.0,https://www.pisos.com/alquilar/piso-usera_pradolongo28026-50931315703_100500/,https://www.pisos.com/alquilar/piso-usera_pradolongo28026-50931315703_100500/,40.380643,-3.7082966,True,False,False,False,False,False,False,False,False,En buen estado,20.0,Usera
Piso en calle de Lanuza,Fuente del Berro,2050.0,2.0,2.0,83.0,83.0,https://www.pisos.com/alquilar/piso-fuente_del_berro28028-52534033392_109300/,https://www.pisos.com/alquilar/piso-fuente_del_berro28028-52534033392_109300/,40.4245443,-3.6652777,True,False,False,False,False,False,False,False,False,A estrenar,24.0,Salamanca
Piso en Cármenes,Cármenes,1025.0,2.0,1.0,43.0,43.0,https://www.pisos.com/alquilar/piso-latina_carmenes28047-24182574399_100500/,https://www.pisos.com/alquilar/piso-latina_carmenes28047-24182574399_100500/,40.4048745,-3.7315251,True,False,False,False,False,False,False,False,False,En buen estado,23.0,Latina
Piso en Costillares,Costillares,1500.0,1.0,1.0,67.0,67.0,https://www.pisos.com/alquilar/piso-costillares-53398312895_100500/,https://www.pisos.com/alquilar/piso-costillares-53398312895_100500/,40.473202,-3.6719738,True,False,False,False,False,False,False,False,False,En buen estado,22.0,Ciudad Lineal
Piso en Canillejas,Canillejas,1230.0,3.0,1.0,72.0,72.0,https://www.pisos.com/alquilar/piso-san_blas_canillejas28022-30889935773_100500/,https://www.pisos.com/alquilar/piso-san_blas_canillejas28022-30889935773_100500/,40.4409142,-3.6107954,True,False,False,False,False,False,False,False,False,En buen estado,17.0,San Blas
"Piso en calle de Manuela Malasaña, 22",Universidad-Malasaña,2800.0,2.0,2.0,103.0,103.0,https://www.pisos.com/alquilar/piso-universidad_malasana28004-53352396111_109800/,https://www.pisos.com/alquilar/piso-universidad_malasana28004-53352396111_109800/,40.42884,-3.704715,True,False,False,False,False,False,False,False,False,A estrenar,27.0,Centro
Piso en Canillas,Canillas,1650.0,2.0,2.0,112.0,112.0,https://www.pisos.com/alquilar/piso-hortaleza_canillas28043-53420508145_100500/,https://www.pisos.com/alquilar/piso-hortaleza_canillas28043-53420508145_100500/,40.4632789,-3.6451311,True,False,False,False,False,False,False,False,False,En buen estado,14.0,Hortaleza
Dúplex en Recoletos,Recoletos,1550.0,1.0,1.0,46.0,46.0,https://www.pisos.com/alquilar/duplex-recoletos28001-53361271056_100500/,https://www.pisos.com/alquilar/duplex-recoletos28001-53361271056_100500/,40.4262632,-3.6865659,False,False,False,False,False,True,False,False,False,En buen estado,33.0,Salamanca
Dúplex en Madrid,Palacio,2900.0,3.0,3.0,156.0,156.0,https://www.pisos.com/alquilar/duplex-centro_palacio28005-45066421958_100500/,https://www.pisos.com/alquilar/duplex-centro_palacio28005-45066421958_100500/,40.4137811,-3.7123862,False,False,False,False,False,True,False,False,False,En buen estado,18.0,Centro
"Piso en calle de Delicias, 34",Palos de Moguer,900.0,1.0,1.0,42.0,42.0,https://www.pisos.com/alquilar/piso-palos_de_moguer28045-53368519086_109800/,https://www.pisos.com/alquilar/piso-palos_de_moguer28045-53368519086_109800/,40.403893,-3.691348,True,False,False,False,False,False,False,False,False,En buen estado,21.0,Arganzuela
"Piso en calle de Antonio López, 204",Almendrales,800.0,1.0,1.0,45.0,45.0,https://www.pisos.com/alquilar/piso-almendrales28026-53403733170_109800/,https://www.pisos.com/alquilar/piso-almendrales28026-53403733170_109800/,40.38672,-3.6980586,True,False,False,False,False,False,False,False,False,En buen estado,17.0,Usera
"Piso en calle de Arrieta, 2",Palacio,3800.0,3.0,2.0,193.0,193.0,https://www.pisos.com/alquilar/piso-centro_palacio28013-52535297241_109800/,https://www.pisos.com/alquilar/piso-centro_palacio28013-52535297241_109800/,40.41864,-3.7097995,True,False,False,False,False,False,False,False,False,Reformado,19.0,Centro
"Piso en calle del General Pardiñas, 15",Goya,1600.0,1.0,1.0,50.0,50.0,https://www.pisos.com/alquilar/piso-goya28001-53391871770_109800/,https://www.pisos.com/alquilar/piso-goya28001-53391871770_109800/,40.425472,-3.6787539,True,False,False,False,False,False,False,False,False,En buen estado,32.0,Salamanca
"Piso en calle del Príncipe de Vergara, 3",Recoletos,1000.0,2.0,1.0,48.0,48.0,https://www.pisos.com/alquilar/piso-recoletos28001-51761835679_109800/,https://www.pisos.com/alquilar/piso-recoletos28001-51761835679_109800/,40.423035,-3.6805503,True,False,False,False,False,False,False,False,False,En buen estado,20.0,Salamanca
"Piso en calle del Lago Constanza, 89",Pueblo Nuevo,850.0,1.0,1.0,40.0,40.0,https://www.pisos.com/alquilar/piso-ciudad_lineal_pueblo_nuevo28017-50879090686_109800/,https://www.pisos.com/alquilar/piso-ciudad_lineal_pueblo_nuevo28017-50879090686_109800/,40.42808,-3.6455252,True,False,False,False,False,False,False,False,False,En buen estado,21.0,Ciudad Lineal
"Piso en calle de Hontoria del Pinar, 5",Costillares,1600.0,2.0,2.0,90.0,90.0,https://www.pisos.com/alquilar/piso-costillares-52570479412_109800/,https://www.pisos.com/alquilar/piso-costillares-52570479412_109800/,40.4814,-3.667381,True,False,False,False,False,False,False,False,False,A estrenar,17.0,Ciudad Lineal
"Piso en calle de López de Aranda, 13",Salvador,1850.0,3.0,2.0,158.0,158.0,https://www.pisos.com/alquilar/piso-san_blas_salvador28027-53358286260_109800/,https://www.pisos.com/alquilar/piso-san_blas_salvador28027-53358286260_109800/,40.443333,-3.6371617,True,False,False,False,False,False,False,False,False,En buen estado,11.0,San Blas
"Piso en calle de Dulce Chacón, 45",Virgen del Cortijo-Manoteras,1500.0,2.0,2.0,73.0,73.0,https://www.pisos.com/alquilar/piso-virgen_del_cortijo_manoteras28050-49231598447_109800/,https://www.pisos.com/alquilar/piso-virgen_del_cortijo_manoteras28050-49231598447_109800/,40.48617,-3.6704445,True,False,False,False,False,False,False,False,False,En buen estado,20.0,Hortaleza
"Piso en Avenida de Pablo Neruda, 77",Palomeras Sureste,1390.0,3.0,2.0,102.0,102.0,https://www.pisos.com/alquilar/piso-palomeras_bajas28018-52501086184_109800/,https://www.pisos.com/alquilar/piso-palomeras_bajas28018-52501086184_109800/,40.381065,-3.653547,True,False,False,False,False,False,False,False,False,En buen estado,13.0,Puente de Vallecas
"Piso en calle del Arroyo Fontarrón, 467",Pavones,1290.0,3.0,1.0,87.0,87.0,https://www.pisos.com/alquilar/piso-pavones-53403672271_109800/,https://www.pisos.com/alquilar/piso-pavones-53403672271_109800/,40.39578302050367,-3.633832701668126,True,False,False,False,False,False,False,False,False,Reformado,14.0,Moratalaz
"Piso en calle de la Sombrerería, 6",Embajadores-Lavapiés,1050.0,1.0,1.0,33.0,33.0,https://www.pisos.com/alquilar/piso-centro_embajadores_lavapies28012-51747412864_109800/,https://www.pisos.com/alquilar/piso-centro_embajadores_lavapies28012-51747412864_109800/,40.407455,-3.6997385,True,False,False,False,False,False,False,False,False,Reformado,31.0,Centro
"Loft en calle de Gandhi, 13",Pueblo Nuevo,1050.0,1.0,1.0,50.0,50.0,https://www.pisos.com/alquilar/loft-ciudad_lineal_pueblo_nuevo28017-50856127100_109800/,https://www.pisos.com/alquilar/loft-ciudad_lineal_pueblo_nuevo28017-50856127100_109800/,40.4239,-3.63541,False,False,False,False,False,False,False,False,True,A estrenar,21.0,Ciudad Lineal
"Piso en calle de la Madera, 22",Universidad-Malasaña,2800.0,1.0,1.0,110.0,110.0,https://www.pisos.com/alquilar/piso-universidad_malasana28004-53355857083_109800/,https://www.pisos.com/alquilar/piso-universidad_malasana28004-53355857083_109800/,40.42359,-3.704194,True,False,False,False,False,False,False,False,False,En buen estado,25.0,Centro
"Piso en calle de Buenavista, 4",Embajadores-Lavapiés,1877.0,2.0,1.0,55.0,55.0,https://www.pisos.com/alquilar/piso-centro_embajadores_lavapies28012-52539616625_109800/,https://www.pisos.com/alquilar/piso-centro_embajadores_lavapies28012-52539616625_109800/,40.410595,-3.698337,True,False,False,False,False,False,False,False,False,En buen estado,34.0,Centro
"Dúplex en calle de los Abades, 11",Embajadores-Lavapiés,1385.0,1.0,1.0,60.0,60.0,https://www.pisos.com/alquilar/duplex-centro_embajadores_lavapies28012-52568497481_109800/,https://www.pisos.com/alquilar/duplex-centro_embajadores_lavapies28012-52568497481_109800/,40.40986,-3.7055326,False,False,False,False,False,True,False,False,False,En buen estado,23.0,Centro
"Piso en calle de Ricardo Ortiz, 86",Ventas,1950.0,4.0,2.0,139.0,139.0,https://www.pisos.com/alquilar/piso-ventas28017-53383412549_109800/,https://www.pisos.com/alquilar/piso-ventas28017-53383412549_109800/,40.424263,-3.658398,True,False,False,False,False,False,False,False,False,Reformado,14.0,Ciudad Lineal
"Piso en Avenida de Oporto, 98",Opañel,900.0,3.0,1.0,64.0,64.0,https://www.pisos.com/alquilar/piso-opanel28019-53370915238_109800/,https://www.pisos.com/alquilar/piso-opanel28019-53370915238_109800/,40.387306,-3.7295804,True,False,False,False,False,False,False,False,False,En buen estado,14.0,Carabanchel
"Apartamento en calle de la Fuente del Berro, 21",Goya,1600.0,2.0,1.0,85.0,85.0,https://www.pisos.com/alquilar/apartamento-goya28009-50852290650_109800/,https://www.pisos.com/alquilar/apartamento-goya28009-50852290650_109800/,40.425396,-3.670696,False,False,False,False,True,False,False,False,False,A estrenar,18.0,Salamanca
"Apartamento en calle de Alcalá, 328",Pueblo Nuevo,1300.0,1.0,1.0,60.0,60.0,https://www.pisos.com/alquilar/apartamento-ciudad_lineal_pueblo_nuevo28017-945856910030726_109800/,https://www.pisos.com/alquilar/apartamento-ciudad_lineal_pueblo_nuevo28017-945856910030726_109800/,40.4335125,-3.6469215,False,False,False,False,True,False,False,False,False,Reformado,21.0,Ciudad Lineal
Piso en calle del Barco,Universidad-Malasaña,1150.0,1.0,1.0,45.0,45.0,https://www.pisos.com/alquilar/piso-universidad_malasana28004-53430754817_100500/,https://www.pisos.com/alquilar/piso-universidad_malasana28004-53430754817_100500/,40.4236407,-3.7021232,True,False,False,False,False,False,False,False,False,En buen estado,25.0,Centro
"Piso en calle de Antonio Arias, 7",Ibiza,3280.0,4.0,3.0,120.0,120.0,https://www.pisos.com/alquilar/piso-ibiza28009-52532534351_109800/,https://www.pisos.com/alquilar/piso-ibiza28009-52532534351_109800/,40.417328,-3.6713786,True,False,False,False,False,False,False,False,False,A estrenar,27.0,Retiro
"Apartamento en calle de Matilde Hernández, 27",San Isidro,1100.0,1.0,1.0,50.0,50.0,https://www.pisos.com/alquilar/apartamento-carabanchel_san_isidro28019-52514182403_109800/,https://www.pisos.com/alquilar/apartamento-carabanchel_san_isidro28019-52514182403_109800/,40.391304,-3.733551,False,False,False,False,True,False,False,False,False,En buen estado,22.0,Carabanchel
"Piso en calle del Águila, 5",Palacio,1600.0,1.0,1.0,68.0,68.0,https://www.pisos.com/alquilar/piso-centro_palacio28005-50006710925_109800/,https://www.pisos.com/alquilar/piso-centro_palacio28005-50006710925_109800/,40.409805,-3.7121081,True,False,False,False,False,False,False,False,False,En buen estado,23.0,Centro
"Piso en calle de los Reyes, 11",Universidad-Malasaña,1520.0,1.0,1.0,73.0,73.0,https://www.pisos.com/alquilar/piso-universidad_malasana28015-45067267418_109800/,https://www.pisos.com/alquilar/piso-universidad_malasana28015-45067267418_109800/,40.42408,-3.7094042,True,False,False,False,False,False,False,False,False,A estrenar,20.0,Centro
"Piso en calle de la Amnistía, 8",Palacio,3650.0,2.0,3.0,133.0,133.0,https://www.pisos.com/alquilar/piso-centro_palacio28013-50877992099_109800/,https://www.pisos.com/alquilar/piso-centro_palacio28013-50877992099_109800/,40.417274,-3.710734,True,False,False,False,False,False,False,False,False,Reformado,27.0,Centro
"Piso en Avenida de la Gavia, 90",Ensanche de Vallecas-Valdecarros,990.0,1.0,1.0,60.0,60.0,https://www.pisos.com/alquilar/piso-ensanche_de_vallecas_valdecarros28051-945856910030509_109800/,https://www.pisos.com/alquilar/piso-ensanche_de_vallecas_valdecarros28051-945856910030509_109800/,40.36494,-3.6190338,True,False,False,False,False,False,False,False,False,En buen estado,16.0,Villa de Vallecas
"Piso en calle de la Lechuga, 3",Sol,1390.0,1.0,1.0,50.0,50.0,https://www.pisos.com/alquilar/piso-sol_barrio28012-49200146112_109800/,https://www.pisos.com/alquilar/piso-sol_barrio28012-49200146112_109800/,40.414314,-3.7066915,True,False,False,False,False,False,False,False,False,En buen estado,27.0,Centro
